23,2023-01-31 11:47:44.323382+00,\N,5,t,aarch64,https://yumrepofs.build.resf.org/v1/projects/df5bcbfc-ba83-4da8-84d6-ae0168921b4d/repo/BaseOS/aarch64/repodata/repomd.xml,https://yumrepofs.build.resf.org/v1/projects/df5bcbfc-ba83-4da8-84d6-ae0168921b4d/repo/BaseOS/aarch64-debug/repodata/repomd.xml,https://yumrepofs.build.resf.org/v1/projects/df5bcbfc-ba83-4da8-84d6-ae0168921b4d/repo/BaseOS/src/repodata/repomd.xml,BaseOS
42,2023-01-31 11:47:44.323382+00,\N,7,t,ppc64le,https://yumrepofs.build.resf.org/v1/projects/df5bcbfc-ba83-4da8-84d6-ae0168921b4d/repo/NFV/ppc64le/repodata/repomd.xml,https://yumrepofs.build.resf.org/v1/projects/df5bcbfc-ba83-4da8-84d6-ae0168921b4d/repo/NFV/ppc64le-debug/repodata/repomd.xml,https://yumrepofs.build.resf.org/v1/projects/df5bcbfc-ba83-4da8-84d6-ae0168921b4d/repo/NFV/src/repodata/repomd.xml,NFV
37,2023-01-31 11:47:44.323382+00,\N,6,t,s390x,https://yumrepofs.build.resf.org/v1/projects/df5bcbfc-ba83-4da8-84d6-ae0168921b4d/repo/SAP/s390x/repodata/repomd.xml,https://yumrepofs.build.resf.org/v1/projects/df5bcbfc-ba83-4da8-84d6-ae0168921b4d/repo/SAP/s390x-debug/repodata/repomd.xml,https://yumrepofs.build.resf.org/v1/projects/df5bcbfc-ba83-4da8-84d6-ae0168921b4d/repo/SAP/src/repodata/repomd.xml,SAP
45,2023-01-31 11:47:44.323382+00,\N,7,t,ppc64le,https://yumrepofs.build.resf.org/v1/projects/df5bcbfc-ba83-4da8-84d6-ae0168921b4d/repo/SAP/ppc64le/repodata/repomd.xml,https://yumrepofs.build.resf.org/v1/projects/df5bcbfc-ba83-4da8-84d6-ae0168921b4d/repo/SAP/ppc64le-debug/repodata/repomd.xml,https://yumrepofs.build.resf.org/v1/projects/df5bcbfc-ba83-4da8-84d6-ae0168921b4d/repo/SAP/src/repodata/repomd.xml,SAP
34,2023-01-31 11:47:44.323382+00,\N,6,t,s390x,https://yumrepofs.build.resf.org/v1/projects/df5bcbfc-ba83-4da8-84d6-ae0168921b4d/repo/NFV/s390x/repodata/repomd.xml,https://yumrepofs.build.resf.org/v1/projects/df5bcbfc-ba83-4da8-84d6-ae0168921b4d/repo/NFV/s390x-debug/repodata/repomd.xml,https://yumrepofs.build.resf.org/v1/projects/df5bcbfc-ba83-4da8-84d6-ae0168921b4d/repo/NFV/src/repodata/repomd.xml,NFV
24,2023-01-31 11:47:44.323382+00,\N,5,t,aarch64,https://yumrepofs.build.resf.org/v1/projects/df5bcbfc-ba83-4da8-84d6-ae0168921b4d/repo/AppStream/aarch64/repodata/repomd.xml,https://yumrepofs.build.resf.org/v1/projects/df5bcbfc-ba83-4da8-84d6-ae0168921b4d/repo/AppStream/aarch64-debug/repodata/repomd.xml,https://yumrepofs.build.resf.org/v1/projects/df5bcbfc-ba83-4da8-84d6-ae0168921b4d/repo/AppStream/src/repodata/repomd.xml,AppStream
40,2023-01-31 11:47:44.323382+00,\N,7,t,ppc64le,https://yumrepofs.build.resf.org/v1/projects/df5bcbfc-ba83-4da8-84d6-ae0168921b4d/repo/AppStream/ppc64le/repodata/repomd.xml,https://yumrepofs.build.resf.org/v1/projects/df5bcbfc-ba83-4da8-84d6-ae0168921b4d/repo/AppStream/ppc64le-debug/repodata/repomd.xml,https://yumrepofs.build.resf.org/v1/projects/df5bcbfc-ba83-4da8-84d6-ae0168921b4d/repo/AppStream/src/repodata/repomd.xml,AppStream
28,2023-01-31 11:47:44.323382+00,\N,5,t,aarch64,https://yumrepofs.build.resf.org/v1/projects/df5bcbfc-ba83-4da8-84d6-ae0168921b4d/repo/ResilientStorage/aarch64/repodata/repomd.xml,https://yumrepofs.build.resf.org/v1/projects/df5bcbfc-ba83-4da8-84d6-ae0168921b4d/repo/ResilientStorage/aarch64-debug/repodata/repomd.xml,https://yumrepofs.build.resf.org/v1/projects/df5bcbfc-ba83-4da8-84d6-ae0168921b4d/repo/ResilientStorage/src/repodata/repomd.xml,ResilientStorage
44,2023-01-31 11:47:44.323382+00,\N,7,t,ppc64le,https://yumrepofs.build.resf.org/v1/projects/df5bcbfc-ba83-4da8-84d6-ae0168921b4d/repo/ResilientStorage/ppc64le/repodata/repomd.xml,https://yumrepofs.build.resf.org/v1/projects/df5bcbfc-ba83-4da8-84d6-ae0168921b4d/repo/ResilientStorage/ppc64le-debug/repodata/repomd.xml,https://yumrepofs.build.resf.org/v1/projects/df5bcbfc-ba83-4da8-84d6-ae0168921b4d/repo/ResilientStorage/src/repodata/repomd.xml,ResilientStorage
21,2023-01-31 11:47:44.323382+00,\N,4,t,x86_64,https://yumrepofs.build.resf.org/v1/projects/df5bcbfc-ba83-4da8-84d6-ae0168921b4d/repo/SAP/x86_64/repodata/repomd.xml,https://yumrepofs.build.resf.org/v1/projects/df5bcbfc-ba83-4da8-84d6-ae0168921b4d/repo/SAP/x86_64-debug/repodata/repomd.xml,https://yumrepofs.build.resf.org/v1/projects/df5bcbfc-ba83-4da8-84d6-ae0168921b4d/repo/SAP/src/repodata/repomd.xml,SAP
25,2023-01-31 11:47:44.323382+00,\N,5,t,aarch64,https://yumrepofs.build.resf.org/v1/projects/df5bcbfc-ba83-4da8-84d6-ae0168921b4d/repo/HighAvailability/aarch64/repodata/repomd.xml,https://yumrepofs.build.resf.org/v1/projects/df5bcbfc-ba83-4da8-84d6-ae0168921b4d/repo/HighAvailability/aarch64-debug/repodata/repomd.xml,https://yumrepofs.build.resf.org/v1/projects/df5bcbfc-ba83-4da8-84d6-ae0168921b4d/repo/HighAvailability/src/repodata/repomd.xml,HighAvailability
41,2023-01-31 11:47:44.323382+00,\N,7,t,ppc64le,https://yumrepofs.build.resf.org/v1/projects/df5bcbfc-ba83-4da8-84d6-ae0168921b4d/repo/HighAvailability/ppc64le/repodata/repomd.xml,https://yumrepofs.build.resf.org/v1/projects/df5bcbfc-ba83-4da8-84d6-ae0168921b4d/repo/HighAvailability/ppc64le-debug/repodata/repomd.xml,https://yumrepofs.build.resf.org/v1/projects/df5bcbfc-ba83-4da8-84d6-ae0168921b4d/repo/HighAvailability/src/repodata/repomd.xml,HighAvailability
22,2023-01-31 11:47:44.323382+00,\N,4,t,x86_64,https://yumrepofs.build.resf.org/v1/projects/df5bcbfc-ba83-4da8-84d6-ae0168921b4d/repo/SAPHANA/x86_64/repodata/repomd.xml,https://yumrepofs.build.resf.org/v1/projects/df5bcbfc-ba83-4da8-84d6-ae0168921b4d/repo/SAPHANA/x86_64-debug/repodata/repomd.xml,https://yumrepofs.build.resf.org/v1/projects/df5bcbfc-ba83-4da8-84d6-ae0168921b4d/repo/SAPHANA/src/repodata/repomd.xml,SAPHANA
38,2023-01-31 11:47:44.323382+00,\N,6,t,s390x,https://yumrepofs.build.resf.org/v1/projects/df5bcbfc-ba83-4da8-84d6-ae0168921b4d/repo/SAPHANA/s390x/repodata/repomd.xml,https://yumrepofs.build.resf.org/v1/projects/df5bcbfc-ba83-4da8-84d6-ae0168921b4d/repo/SAPHANA/s390x-debug/repodata/repomd.xml,https://yumrepofs.build.resf.org/v1/projects/df5bcbfc-ba83-4da8-84d6-ae0168921b4d/repo/SAPHANA/src/repodata/repomd.xml,SAPHANA
33,2023-01-31 11:47:44.323382+00,\N,6,t,s390x,https://yumrepofs.build.resf.org/v1/projects/df5bcbfc-ba83-4da8-84d6-ae0168921b4d/repo/HighAvailability/s390x/repodata/repomd.xml,https://yumrepofs.build.resf.org/v1/projects/df5bcbfc-ba83-4da8-84d6-ae0168921b4d/repo/HighAvailability/s390x-debug/repodata/repomd.xml,https://yumrepofs.build.resf.org/v1/projects/df5bcbfc-ba83-4da8-84d6-ae0168921b4d/repo/HighAvailability/src/repodata/repomd.xml,HighAvailability
43,2023-01-31 11:47:44.323382+00,\N,7,t,ppc64le,https://yumrepofs.build.resf.org/v1/projects/df5bcbfc-ba83-4da8-84d6-ae0168921b4d/repo/CRB/ppc64le/repodata/repomd.xml,https://yumrepofs.build.resf.org/v1/projects/df5bcbfc-ba83-4da8-84d6-ae0168921b4d/repo/CRB/ppc64le-debug/repodata/repomd.xml,https://yumrepofs.build.resf.org/v1/projects/df5bcbfc-ba83-4da8-84d6-ae0168921b4d/repo/CRB/src/repodata/repomd.xml,CRB
32,2023-01-31 11:47:44.323382+00,\N,6,t,s390x,https://yumrepofs.build.resf.org/v1/projects/df5bcbfc-ba83-4da8-84d6-ae0168921b4d/repo/AppStream/s390x/repodata/repomd.xml,https://yumrepofs.build.resf.org/v1/projects/df5bcbfc-ba83-4da8-84d6-ae0168921b4d/repo/AppStream/s390x-debug/repodata/repomd.xml,https://yumrepofs.build.resf.org/v1/projects/df5bcbfc-ba83-4da8-84d6-ae0168921b4d/repo/AppStream/src/repodata/repomd.xml,AppStream
27,2023-01-31 11:47:44.323382+00,\N,5,t,aarch64,https://yumrepofs.build.resf.org/v1/projects/df5bcbfc-ba83-4da8-84d6-ae0168921b4d/repo/CRB/aarch64/repodata/repomd.xml,https://yumrepofs.build.resf.org/v1/projects/df5bcbfc-ba83-4da8-84d6-ae0168921b4d/repo/CRB/aarch64-debug/repodata/repomd.xml,https://yumrepofs.build.resf.org/v1/projects/df5bcbfc-ba83-4da8-84d6-ae0168921b4d/repo/CRB/src/repodata/repomd.xml,CRB
31,2023-01-31 11:47:44.323382+00,\N,6,t,s390x,https://yumrepofs.build.resf.org/v1/projects/df5bcbfc-ba83-4da8-84d6-ae0168921b4d/repo/BaseOS/s390x/repodata/repomd.xml,https://yumrepofs.build.resf.org/v1/projects/df5bcbfc-ba83-4da8-84d6-ae0168921b4d/repo/BaseOS/s390x-debug/repodata/repomd.xml,https://yumrepofs.build.resf.org/v1/projects/df5bcbfc-ba83-4da8-84d6-ae0168921b4d/repo/BaseOS/src/repodata/repomd.xml,BaseOS
36,2023-01-31 11:47:44.323382+00,\N,6,t,s390x,https://yumrepofs.build.resf.org/v1/projects/df5bcbfc-ba83-4da8-84d6-ae0168921b4d/repo/ResilientStorage/s390x/repodata/repomd.xml,https://yumrepofs.build.resf.org/v1/projects/df5bcbfc-ba83-4da8-84d6-ae0168921b4d/repo/ResilientStorage/s390x-debug/repodata/repomd.xml,https://yumrepofs.build.resf.org/v1/projects/df5bcbfc-ba83-4da8-84d6-ae0168921b4d/repo/ResilientStorage/src/repodata/repomd.xml,ResilientStorage
35,2023-01-31 11:47:44.323382+00,\N,6,t,s390x,https://yumrepofs.build.resf.org/v1/projects/df5bcbfc-ba83-4da8-84d6-ae0168921b4d/repo/CRB/s390x/repodata/repomd.xml,https://yumrepofs.build.resf.org/v1/projects/df5bcbfc-ba83-4da8-84d6-ae0168921b4d/repo/CRB/s390x-debug/repodata/repomd.xml,https://yumrepofs.build.resf.org/v1/projects/df5bcbfc-ba83-4da8-84d6-ae0168921b4d/repo/CRB/src/repodata/repomd.xml,CRB
39,2023-01-31 11:47:44.323382+00,\N,7,t,ppc64le,https://yumrepofs.build.resf.org/v1/projects/df5bcbfc-ba83-4da8-84d6-ae0168921b4d/repo/BaseOS/ppc64le/repodata/repomd.xml,https://yumrepofs.build.resf.org/v1/projects/df5bcbfc-ba83-4da8-84d6-ae0168921b4d/repo/BaseOS/ppc64le-debug/repodata/repomd.xml,https://yumrepofs.build.resf.org/v1/projects/df5bcbfc-ba83-4da8-84d6-ae0168921b4d/repo/BaseOS/src/repodata/repomd.xml,BaseOS
26,2023-01-31 11:47:44.323382+00,\N,5,t,aarch64,https://yumrepofs.build.resf.org/v1/projects/df5bcbfc-ba83-4da8-84d6-ae0168921b4d/repo/NFV/aarch64/repodata/repomd.xml,https://yumrepofs.build.resf.org/v1/projects/df5bcbfc-ba83-4da8-84d6-ae0168921b4d/repo/NFV/aarch64-debug/repodata/repomd.xml,https://yumrepofs.build.resf.org/v1/projects/df5bcbfc-ba83-4da8-84d6-ae0168921b4d/repo/NFV/src/repodata/repomd.xml,NFV
1,2023-01-31 11:47:44.323382+00,\N,2,t,x86_64,https://dl.rockylinux.org/stg/rocky/8/BaseOS/x86_64/os/repodata/repomd.xml,https://dl.rockylinux.org/stg/rocky/8/BaseOS/x86_64/debug/tree/repodata/repomd.xml,https://dl.rockylinux.org/stg/rocky/8/BaseOS/source/tree/repodata/repomd.xml,BaseOS
2,2023-01-31 11:47:44.323382+00,\N,2,t,x86_64,https://dl.rockylinux.org/stg/rocky/8/AppStream/x86_64/os/repodata/repomd.xml,https://dl.rockylinux.org/stg/rocky/8/AppStream/x86_64/debug/tree/repodata/repomd.xml,https://dl.rockylinux.org/stg/rocky/8/AppStream/source/tree/repodata/repomd.xml,AppStream
3,2023-01-31 11:47:44.323382+00,\N,2,t,x86_64,https://dl.rockylinux.org/stg/rocky/8/HighAvailability/x86_64/os/repodata/repomd.xml,https://dl.rockylinux.org/stg/rocky/8/HighAvailability/x86_64/debug/tree/repodata/repomd.xml,https://dl.rockylinux.org/stg/rocky/8/HighAvailability/source/tree/repodata/repomd.xml,HighAvailability
4,2023-01-31 11:47:44.323382+00,\N,2,t,x86_64,https://dl.rockylinux.org/stg/rocky/8/NFV/x86_64/os/repodata/repomd.xml,https://dl.rockylinux.org/stg/rocky/8/NFV/x86_64/debug/tree/repodata/repomd.xml,https://dl.rockylinux.org/stg/rocky/8/NFV/source/tree/repodata/repomd.xml,NFV
5,2023-01-31 11:47:44.323382+00,\N,2,t,x86_64,https://dl.rockylinux.org/stg/rocky/8/PowerTools/x86_64/os/repodata/repomd.xml,https://dl.rockylinux.org/stg/rocky/8/PowerTools/x86_64/debug/tree/repodata/repomd.xml,https://dl.rockylinux.org/stg/rocky/8/PowerTools/source/tree/repodata/repomd.xml,PowerTools
6,2023-01-31 11:47:44.323382+00,\N,2,t,x86_64,https://dl.rockylinux.org/stg/rocky/8/RT/x86_64/os/repodata/repomd.xml,https://dl.rockylinux.org/stg/rocky/8/RT/x86_64/debug/tree/repodata/repomd.xml,https://dl.rockylinux.org/stg/rocky/8/RT/source/tree/repodata/repomd.xml,RT
7,2023-01-31 11:47:44.323382+00,\N,2,t,x86_64,https://dl.rockylinux.org/stg/rocky/8/ResilientStorage/x86_64/os/repodata/repomd.xml,https://dl.rockylinux.org/stg/rocky/8/ResilientStorage/x86_64/debug/tree/repodata/repomd.xml,https://dl.rockylinux.org/stg/rocky/8/ResilientStorage/source/tree/repodata/repomd.xml,ResilientStorage
8,2023-01-31 11:47:44.323382+00,\N,3,t,aarch64,https://dl.rockylinux.org/stg/rocky/8/BaseOS/aarch64/os/repodata/repomd.xml,https://dl.rockylinux.org/stg/rocky/8/BaseOS/aarch64/debug/tree/repodata/repomd.xml,https://dl.rockylinux.org/stg/rocky/8/BaseOS/source/tree/repodata/repomd.xml,BaseOS
9,2023-01-31 11:47:44.323382+00,\N,3,t,aarch64,https://dl.rockylinux.org/stg/rocky/8/AppStream/aarch64/os/repodata/repomd.xml,https://dl.rockylinux.org/stg/rocky/8/AppStream/aarch64/debug/tree/repodata/repomd.xml,https://dl.rockylinux.org/stg/rocky/8/AppStream/source/tree/repodata/repomd.xml,AppStream
10,2023-01-31 11:47:44.323382+00,\N,3,t,aarch64,https://dl.rockylinux.org/stg/rocky/8/HighAvailability/aarch64/os/repodata/repomd.xml,https://dl.rockylinux.org/stg/rocky/8/HighAvailability/aarch64/debug/tree/repodata/repomd.xml,https://dl.rockylinux.org/stg/rocky/8/HighAvailability/source/tree/repodata/repomd.xml,HighAvailability
11,2023-01-31 11:47:44.323382+00,\N,3,t,aarch64,https://dl.rockylinux.org/stg/rocky/8/NFV/aarch64/os/repodata/repomd.xml,https://dl.rockylinux.org/stg/rocky/8/NFV/aarch64/debug/tree/repodata/repomd.xml,https://dl.rockylinux.org/stg/rocky/8/NFV/source/tree/repodata/repomd.xml,NFV
12,2023-01-31 11:47:44.323382+00,\N,3,t,aarch64,https://dl.rockylinux.org/stg/rocky/8/PowerTools/aarch64/os/repodata/repomd.xml,https://dl.rockylinux.org/stg/rocky/8/PowerTools/aarch64/debug/tree/repodata/repomd.xml,https://dl.rockylinux.org/stg/rocky/8/PowerTools/source/tree/repodata/repomd.xml,PowerTools
13,2023-01-31 11:47:44.323382+00,\N,3,t,aarch64,https://dl.rockylinux.org/stg/rocky/8/ResilientStorage/aarch64/os/repodata/repomd.xml,https://dl.rockylinux.org/stg/rocky/8/ResilientStorage/aarch64/debug/tree/repodata/repomd.xml,https://dl.rockylinux.org/stg/rocky/8/ResilientStorage/source/tree/repodata/repomd.xml,ResilientStorage
53,2023-02-04 02:25:57.695952+00,\N,20,t,x86_64,https://yumrepofs.build.resf.org/v1/projects/15016370-1410-4459-a1a2-a1576041fd19/repo/cloud-common/x86_64/repodata/repomd.xml,https://yumrepofs.build.resf.org/v1/projects/15016370-1410-4459-a1a2-a1576041fd19/repo/cloud-common/x86_64-debug/repodata/repomd.xml,https://yumrepofs.build.resf.org/v1/projects/15016370-1410-4459-a1a2-a1576041fd19/repo/cloud-common/src/repodata/repomd.xml,cloud-common
29,2023-01-31 11:47:44.323382+00,\N,5,t,aarch64,https://yumrepofs.build.resf.org/v1/projects/df5bcbfc-ba83-4da8-84d6-ae0168921b4d/repo/SAP/aarch64/repodata/repomd.xml,https://yumrepofs.build.resf.org/v1/projects/df5bcbfc-ba83-4da8-84d6-ae0168921b4d/repo/SAP/aarch64-debug/repodata/repomd.xml,https://yumrepofs.build.resf.org/v1/projects/df5bcbfc-ba83-4da8-84d6-ae0168921b4d/repo/SAP/src/repodata/repomd.xml,SAP
30,2023-01-31 11:47:44.323382+00,\N,5,t,aarch64,https://yumrepofs.build.resf.org/v1/projects/df5bcbfc-ba83-4da8-84d6-ae0168921b4d/repo/SAPHANA/aarch64/repodata/repomd.xml,https://yumrepofs.build.resf.org/v1/projects/df5bcbfc-ba83-4da8-84d6-ae0168921b4d/repo/SAPHANA/aarch64-debug/repodata/repomd.xml,https://yumrepofs.build.resf.org/v1/projects/df5bcbfc-ba83-4da8-84d6-ae0168921b4d/repo/SAPHANA/src/repodata/repomd.xml,SAPHANA
19,2023-01-31 11:47:44.323382+00,\N,4,t,x86_64,https://yumrepofs.build.resf.org/v1/projects/df5bcbfc-ba83-4da8-84d6-ae0168921b4d/repo/RT/x86_64/repodata/repomd.xml,https://yumrepofs.build.resf.org/v1/projects/df5bcbfc-ba83-4da8-84d6-ae0168921b4d/repo/RT/x86_64-debug/repodata/repomd.xml,https://yumrepofs.build.resf.org/v1/projects/df5bcbfc-ba83-4da8-84d6-ae0168921b4d/repo/RT/src/repodata/repomd.xml,RT
17,2023-01-31 11:47:44.323382+00,\N,4,t,x86_64,https://yumrepofs.build.resf.org/v1/projects/df5bcbfc-ba83-4da8-84d6-ae0168921b4d/repo/NFV/x86_64/repodata/repomd.xml,https://yumrepofs.build.resf.org/v1/projects/df5bcbfc-ba83-4da8-84d6-ae0168921b4d/repo/NFV/x86_64-debug/repodata/repomd.xml,https://yumrepofs.build.resf.org/v1/projects/df5bcbfc-ba83-4da8-84d6-ae0168921b4d/repo/NFV/src/repodata/repomd.xml,NFV
14,2023-01-31 11:47:44.323382+00,\N,4,t,x86_64,https://yumrepofs.build.resf.org/v1/projects/df5bcbfc-ba83-4da8-84d6-ae0168921b4d/repo/BaseOS/x86_64/repodata/repomd.xml,https://yumrepofs.build.resf.org/v1/projects/df5bcbfc-ba83-4da8-84d6-ae0168921b4d/repo/BaseOS/x86_64-debug/repodata/repomd.xml,https://yumrepofs.build.resf.org/v1/projects/df5bcbfc-ba83-4da8-84d6-ae0168921b4d/repo/BaseOS/src/repodata/repomd.xml,BaseOS
18,2023-01-31 11:47:44.323382+00,\N,4,t,x86_64,https://yumrepofs.build.resf.org/v1/projects/df5bcbfc-ba83-4da8-84d6-ae0168921b4d/repo/CRB/x86_64/repodata/repomd.xml,https://yumrepofs.build.resf.org/v1/projects/df5bcbfc-ba83-4da8-84d6-ae0168921b4d/repo/CRB/x86_64-debug/repodata/repomd.xml,https://yumrepofs.build.resf.org/v1/projects/df5bcbfc-ba83-4da8-84d6-ae0168921b4d/repo/CRB/src/repodata/repomd.xml,CRB
15,2023-01-31 11:47:44.323382+00,\N,4,t,x86_64,https://yumrepofs.build.resf.org/v1/projects/df5bcbfc-ba83-4da8-84d6-ae0168921b4d/repo/AppStream/x86_64/repodata/repomd.xml,https://yumrepofs.build.resf.org/v1/projects/df5bcbfc-ba83-4da8-84d6-ae0168921b4d/repo/AppStream/x86_64-debug/repodata/repomd.xml,https://yumrepofs.build.resf.org/v1/projects/df5bcbfc-ba83-4da8-84d6-ae0168921b4d/repo/AppStream/src/repodata/repomd.xml,AppStream
16,2023-01-31 11:47:44.323382+00,\N,4,t,x86_64,https://yumrepofs.build.resf.org/v1/projects/df5bcbfc-ba83-4da8-84d6-ae0168921b4d/repo/HighAvailability/x86_64/repodata/repomd.xml,https://yumrepofs.build.resf.org/v1/projects/df5bcbfc-ba83-4da8-84d6-ae0168921b4d/repo/HighAvailability/x86_64-debug/repodata/repomd.xml,https://yumrepofs.build.resf.org/v1/projects/df5bcbfc-ba83-4da8-84d6-ae0168921b4d/repo/HighAvailability/src/repodata/repomd.xml,HighAvailability
20,2023-01-31 11:47:44.323382+00,\N,4,t,x86_64,https://yumrepofs.build.resf.org/v1/projects/df5bcbfc-ba83-4da8-84d6-ae0168921b4d/repo/ResilientStorage/x86_64/repodata/repomd.xml,https://yumrepofs.build.resf.org/v1/projects/df5bcbfc-ba83-4da8-84d6-ae0168921b4d/repo/ResilientStorage/x86_64-debug/repodata/repomd.xml,https://yumrepofs.build.resf.org/v1/projects/df5bcbfc-ba83-4da8-84d6-ae0168921b4d/repo/ResilientStorage/src/repodata/repomd.xml,ResilientStorage
46,2023-01-31 11:47:44.323382+00,\N,7,t,ppc64le,https://yumrepofs.build.resf.org/v1/projects/df5bcbfc-ba83-4da8-84d6-ae0168921b4d/repo/SAPHANA/ppc64le/repodata/repomd.xml,https://yumrepofs.build.resf.org/v1/projects/df5bcbfc-ba83-4da8-84d6-ae0168921b4d/repo/SAPHANA/ppc64le-debug/repodata/repomd.xml,https://yumrepofs.build.resf.org/v1/projects/df5bcbfc-ba83-4da8-84d6-ae0168921b4d/repo/SAPHANA/src/repodata/repomd.xml,SAPHANA
49,2023-02-04 02:23:54.841994+00,\N,19,t,aarch64,https://yumrepofs.build.resf.org/v1/projects/f91da90d-5bdb-4cf2-80ea-e07f8dae5a5c/repo/cloud-common/aarch64/repodata/repomd.xml,https://yumrepofs.build.resf.org/v1/projects/f91da90d-5bdb-4cf2-80ea-e07f8dae5a5c/repo/cloud-common/aarch64-debug/repodata/repomd.xml,https://yumrepofs.build.resf.org/v1/projects/f91da90d-5bdb-4cf2-80ea-e07f8dae5a5c/repo/cloud-common/src/repodata/repomd.xml,cloud-common
47,2023-02-04 02:22:54.989886+00,\N,18,t,x86_64,https://yumrepofs.build.resf.org/v1/projects/f91da90d-5bdb-4cf2-80ea-e07f8dae5a5c/repo/cloud-kernel/x86_64/repodata/repomd.xml,https://yumrepofs.build.resf.org/v1/projects/f91da90d-5bdb-4cf2-80ea-e07f8dae5a5c/repo/cloud-kernel/x86_64-debug/repodata/repomd.xml,https://yumrepofs.build.resf.org/v1/projects/f91da90d-5bdb-4cf2-80ea-e07f8dae5a5c/repo/cloud-kernel/src/repodata/repomd.xml,cloud-kernel
55,2023-02-04 02:26:48.948344+00,\N,21,t,aarch64,https://yumrepofs.build.resf.org/v1/projects/15016370-1410-4459-a1a2-a1576041fd19/repo/cloud-common/aarch64/repodata/repomd.xml,https://yumrepofs.build.resf.org/v1/projects/15016370-1410-4459-a1a2-a1576041fd19/repo/cloud-common/aarch64-debug/repodata/repomd.xml,https://yumrepofs.build.resf.org/v1/projects/15016370-1410-4459-a1a2-a1576041fd19/repo/cloud-common/src/repodata/repomd.xml,cloud-common
51,2023-02-04 02:25:03.834817+00,\N,20,t,x86_64,https://yumrepofs.build.resf.org/v1/projects/15016370-1410-4459-a1a2-a1576041fd19/repo/cloud-kernel/x86_64/repodata/repomd.xml,https://yumrepofs.build.resf.org/v1/projects/15016370-1410-4459-a1a2-a1576041fd19/repo/cloud-kernel/x86_64-debug/repodata/repomd.xml,https://yumrepofs.build.resf.org/v1/projects/15016370-1410-4459-a1a2-a1576041fd19/repo/cloud-kernel/src/repodata/repomd.xml,cloud-kernel
48,2023-02-04 02:22:54.989886+00,\N,18,t,x86_64,https://yumrepofs.build.resf.org/v1/projects/f91da90d-5bdb-4cf2-80ea-e07f8dae5a5c/repo/cloud-common/x86_64/repodata/repomd.xml,https://yumrepofs.build.resf.org/v1/projects/f91da90d-5bdb-4cf2-80ea-e07f8dae5a5c/repo/cloud-common/x86_64-debug/repodata/repomd.xml,https://yumrepofs.build.resf.org/v1/projects/f91da90d-5bdb-4cf2-80ea-e07f8dae5a5c/repo/cloud-common/src/repodata/repomd.xml,cloud-common
54,2023-02-04 02:26:48.948344+00,\N,21,t,aarch64,https://yumrepofs.build.resf.org/v1/projects/15016370-1410-4459-a1a2-a1576041fd19/repo/cloud-kernel/aarch64/repodata/repomd.xml,https://yumrepofs.build.resf.org/v1/projects/15016370-1410-4459-a1a2-a1576041fd19/repo/cloud-kernel/aarch64-debug/repodata/repomd.xml,https://yumrepofs.build.resf.org/v1/projects/15016370-1410-4459-a1a2-a1576041fd19/repo/cloud-kernel/src/repodata/repomd.xml,cloud-kernel
50,2023-02-04 02:24:22.822288+00,\N,19,t,aarch64,https://yumrepofs.build.resf.org/v1/projects/f91da90d-5bdb-4cf2-80ea-e07f8dae5a5c/repo/cloud-kernel/aarch64/repodata/repomd.xml,https://yumrepofs.build.resf.org/v1/projects/f91da90d-5bdb-4cf2-80ea-e07f8dae5a5c/repo/cloud-kernel/aarch64-debug/repodata/repomd.xml,https://yumrepofs.build.resf.org/v1/projects/f91da90d-5bdb-4cf2-80ea-e07f8dae5a5c/repo/cloud-kernel/src/repodata/repomd.xml,cloud-kernel
